County,EPA ID,Zipcode,Circle Area,Zipcode Area,Intersection Area
Alameda,0007,94550,78.41371226364757,723.0774513550052,30.273566611637072
Alameda,0007,94551,78.41371226364757,219.9946799699991,44.883175863404574
Alameda,0007,94566,78.41371226364757,55.07925932500156,2.94292841869074
Alameda,0007,94588,78.41371226364757,87.72413572999996,0.3140413699150512
Alameda,0009,94546,78.41371226364757,46.30090252500004,0.006331323574505394
Alameda,0009,94577,78.41371226364757,23.36085617999932,21.19969502900881
Alameda,0009,94578,78.41371226364757,12.063395625000314,2.8724809029306453
Alameda,0009,94579,78.41371226364757,8.274340430000079,0.9806233268329976
Alameda,0009,94601,78.41371226364757,8.72453041500002,1.604493239813986
Alameda,0009,94603,78.41371226364757,7.143007030000031,7.143007030000023
Alameda,0009,94605,78.41371226364757,23.531022744999223,22.46450069205688
Alameda,0009,94619,78.41371226364757,22.110236165000355,4.922363844651902
Alameda,0009,94621,78.41371226364757,27.297898185001515,16.571073399778044
Alameda,0011,94501,78.41371226364757,28.3997915499999,16.029915868479236
Alameda,0011,94602,78.41371226364757,9.638447930000462,2.3070362881502395e-06
Alameda,0011,94606,78.41371226364757,6.779435535000005,4.402887250762068
Alameda,0011,94607,78.41371226364757,20.709069810000276,18.237733060663334
Alameda,0011,94608,78.41371226364757,9.430877089999818,9.430877089999806
Alameda,0011,94609,78.41371226364757,4.414409885000351,4.414409885000357
Alameda,0011,94610,78.41371226364757,5.542076009999766,4.1726555637864635
Alameda,0011,94611,78.41371226364757,19.35493137999964,3.7812057587250227
Alameda,0011,94612,78.41371226364757,3.155522349999844,3.155522349999843
Alameda,0011,94618,78.41371226364757,6.462187420000546,2.625186250379566
Alameda,0011,94702,78.41371226364757,3.3996529350001867,1.421830751223264
Alameda,0011,94703,78.41371226364757,3.4146711450002387,1.862457143478879
Alameda,0011,94704,78.41371226364757,2.2557141000004295,0.182286329784926
Alameda,0011,94705,78.41371226364757,8.96511196499939,1.0087415422537758
Alameda,0011,94710,78.41371226364757,11.732363309998474,2.9256943360596175
Alameda,0012,94501,78.41371226364757,28.3997915499999,22.365276695416256
Alameda,0012,94502,78.41371226364757,6.678694415000147,0.29042544925148644
Alameda,0012,94601,78.41371226364757,8.72453041500002,4.653990187671667
Alameda,0012,94602,78.41371226364757,9.638447930000462,2.3718014387756177
Alameda,0012,94606,78.41371226364757,6.779435535000005,6.779435535
Alameda,0012,94607,78.41371226364757,20.709069810000276,12.1296882828446
Alameda,0012,94608,78.41371226364757,9.430877089999818,4.135566577920729
Alameda,0012,94609,78.41371226364757,4.414409885000351,3.269305504974539
Alameda,0012,94610,78.41371226364757,5.542076009999766,5.535166716272837
Alameda,0012,94611,78.41371226364757,19.35493137999964,5.206752312986539
Alameda,0012,94612,78.41371226364757,3.155522349999844,3.155522349999843
Alameda,0012,94618,78.41371226364757,6.462187420000546,1.164071757001138
Alameda,0013,94530,78.41371226364757,11.491940730000115,3.0426772056158375
Alameda,0013,94607,78.41371226364757,20.709069810000276,3.6811572591490638
Alameda,0013,94608,78.41371226364757,9.430877089999818,9.182104391454237
Alameda,0013,94609,78.41371226364757,4.414409885000351,2.3063148471550767
Alameda,0013,94618,78.41371226364757,6.462187420000546,0.18147394372928136
Alameda,0013,94702,78.41371226364757,3.3996529350001867,3.399652935000187
Alameda,0013,94703,78.41371226364757,3.4146711450002387,3.4146711450002374
Alameda,0013,94704,78.41371226364757,2.2557141000004295,1.7631371703445784
Alameda,0013,94705,78.41371226364757,8.96511196499939,1.210484519574077
Alameda,0013,94706,78.41371226364757,3.884475059999923,3.884475059999919
Alameda,0013,94707,78.41371226364757,4.674836709999777,4.148049390732536
Alameda,0013,94708,78.41371226364757,8.867485789999433,1.6567308383262394
Alameda,0013,94709,78.41371226364757,1.7919064350000282,1.7914201584416194
Alameda,0013,94710,78.41371226364757,11.732363309998474,11.732363309998448
Alameda,0013,94720,78.41371226364757,1.8684477999999414,0.6698771200429979
Alameda,0013,94804,78.41371226364757,24.7104319900001,4.734630416419396
Alameda,0015,94506,78.41371226364757,49.46737061000004,0.0618630050087004
Alameda,0015,94566,78.41371226364757,55.07925932500156,11.439173205343403
Alameda,0015,94568,78.41371226364757,43.65419791999973,28.56489354717273
Alameda,0015,94582,78.41371226364757,35.55952181999996,7.554238844994781
Alameda,0015,94583,78.41371226364757,56.298534519999095,3.3585105685714725
Alameda,0015,94586,78.41371226364757,150.08817207499868,0.0010952248126692645
Alameda,0015,94588,78.41371226364757,87.72413572999996,27.433937867743275
Butte,0008,95926,78.41371226364757,21.169586810000432,20.951248804771286
Butte,0008,95928,78.41371226364757,401.6826850549992,14.596769545757986
Butte,0008,95929,78.41371226364757,0.021311369999908,0.021311369999907997
Butte,0008,95973,78.41371226364757,823.7675218199988,42.84438254311814
Contra Costa,0002,94518,78.41371226364757,14.710030929999833,14.710030929999839
Contra Costa,0002,94519,78.41371226364757,12.04857066000008,3.788355846436722
Contra Costa,0002,94520,78.41371226364757,26.309672765001114,7.492600929004972
Contra Costa,0002,94521,78.41371226364757,25.707521965000534,8.046955983549179
Contra Costa,0002,94523,78.41371226364757,19.134286990000174,6.697848999005762
Contra Costa,0002,94596,78.41371226364757,16.081841015000002,6.890949945057028
Contra Costa,0002,94597,78.41371226364757,10.755016994999695,5.12843581289917
Contra Costa,0002,94598,78.41371226364757,54.71702831000102,25.658533817695016
Contra Costa,0006,94530,78.41371226364757,11.491940730000115,0.3974979352295549
Contra Costa,0006,94801,78.41371226364757,50.53870911999958,35.296336328446614
Contra Costa,0006,94803,78.41371226364757,34.035948104999285,0.6683823252272973
Contra Costa,0006,94804,78.41371226364757,24.7104319900001,15.821770353282249
Contra Costa,0006,94805,78.41371226364757,4.9514816800006125,4.035636438655169
Contra Costa,0006,94806,78.41371226364757,20.913573744999816,13.714642680246177
Contra Costa,1001,94510,78.41371226364757,80.46350172500064,1.4401142639460158
Contra Costa,1001,94525,78.41371226364757,6.519320475000145,6.519320475000153
Contra Costa,1001,94547,78.41371226364757,15.072508630000382,2.10543334406067
Contra Costa,1001,94553,78.41371226364757,172.36477660999947,3.456471278760062
Contra Costa,1001,94572,78.41371226364757,24.42535609499997,20.936959308421194
Contra Costa,1001,94590,78.41371226364757,23.283063095000312,12.896043854431023
Contra Costa,1001,94591,78.41371226364757,56.288943099998875,11.881407572695736
Contra Costa,1001,94592,78.41371226364757,22.02693670999872,2.800097765689811
Contra Costa,1002,94511,78.41371226364757,15.50576931000001,15.505769310000026
Contra Costa,1002,94513,78.41371226364757,213.25554506000114,19.030493439380145
Contra Costa,1002,94561,78.41371226364757,47.2318093000003,21.157245815776626
Contra Costa,1002,95219,78.41371226364757,372.3243830749967,15.845390244274114
Contra Costa,1004,94530,78.41371226364757,11.491940730000115,0.6688805378163809
Contra Costa,1004,94564,78.41371226364757,18.152286310000875,0.030164482364882207
Contra Costa,1004,94801,78.41371226364757,50.53870911999958,27.251850441379013
Contra Costa,1004,94803,78.41371226364757,34.035948104999285,3.451236005857701
Contra Costa,1004,94804,78.41371226364757,24.7104319900001,11.65764993167536
Contra Costa,1004,94805,78.41371226364757,4.9514816800006125,4.674386518780437
Contra Costa,1004,94806,78.41371226364757,20.913573744999816,18.954513351425177
Contra Costa,2001,94510,78.41371226364757,80.46350172500064,6.699094437679869
Contra Costa,2001,94553,78.41371226364757,172.36477660999947,59.14630236716843
Contra Costa,2007,94506,78.41371226364757,49.46737061000004,0.7757291095784992
Contra Costa,2007,94526,78.41371226364757,34.902370015000585,0.46551292209557604
Contra Costa,2007,94552,78.41371226364757,137.12891269500028,0.9864509745384816
Contra Costa,2007,94568,78.41371226364757,43.65419791999973,20.363133849877432
Contra Costa,2007,94582,78.41371226364757,35.55952181999996,30.4407816193144
Contra Costa,2007,94583,78.41371226364757,56.298534519999095,23.399533785400987
Contra Costa,2007,94588,78.41371226364757,87.72413572999996,1.9825700028419722
Fresno,0007,93625,78.41371226364757,62.55407325999994,0.01237755709612108
Fresno,0007,93701,78.41371226364757,3.9748272249998524,0.012346256125740888
Fresno,0007,93702,78.41371226364757,13.51086741000048,11.487994668047188
Fresno,0007,93706,78.41371226364757,413.9558427149975,6.149687996034321
Fresno,0007,93721,78.41371226364757,5.332706189999783,2.6569732989590436
Fresno,0007,93725,78.41371226364757,175.13852426000014,45.56467311959844
Fresno,0007,93727,78.41371226364757,57.726142524999624,12.529659367786289
Fresno,0011,93612,78.41371226364757,17.85233366000015,0.870506051016227
Fresno,0011,93701,78.41371226364757,3.9748272249998524,3.6758609619203853
Fresno,0011,93702,78.41371226364757,13.51086741000048,6.329134928930892
Fresno,0011,93703,78.41371226364757,12.445654185000187,12.445654185000189
Fresno,0011,93704,78.41371226364757,14.149968020000763,12.278508171750806
Fresno,0011,93705,78.41371226364757,12.761918935000098,3.4895913084737717
Fresno,0011,93710,78.41371226364757,16.18756548999962,11.40142756216724
Fresno,0011,93711,78.41371226364757,30.379097280000146,0.6384507546517614
Fresno,0011,93721,78.41371226364757,5.332706189999783,1.56225838222724
Fresno,0011,93726,78.41371226364757,17.002982279999678,16.972181728612583
Fresno,0011,93727,78.41371226364757,57.726142524999624,2.915547672775074
Fresno,0011,93728,78.41371226364757,7.951384190000443,3.339732387034734
Fresno,0011,93740,78.41371226364757,2.2862636949997315,2.1952505290865143
Fresno,0242,93636,78.41371226364757,521.1434471400001,28.331452576451838
Fresno,0242,93705,78.41371226364757,12.761918935000098,0.2237288313999187
Fresno,0242,93711,78.41371226364757,30.379097280000146,18.022937626266327
Fresno,0242,93722,78.41371226364757,51.166818389999875,26.982893467675552
Fresno,0242,93723,78.41371226364757,107.50703507499864,4.852699761854114
Fresno,2016,93701,78.41371226364757,3.9748272249998524,3.8926416100663923
Fresno,2016,93702,78.41371226364757,13.51086741000048,11.694767760914585
Fresno,2016,93703,78.41371226364757,12.445654185000187,0.6292617392098606
Fresno,2016,93706,78.41371226364757,413.9558427149975,31.692931110099384
Fresno,2016,93721,78.41371226364757,5.332706189999783,5.3327061899997785
Fresno,2016,93725,78.41371226364757,175.13852426000014,23.80651687372086
Fresno,2016,93727,78.41371226364757,57.726142524999624,0.5928913639802394
Fresno,2016,93728,78.41371226364757,7.951384190000443,0.7719956156562369
Fresno,4001,93631,78.41371226364757,215.8334045800012,8.024685343487207
Fresno,4001,93648,78.41371226364757,57.70679032499903,39.87351075815269
Fresno,4001,93654,78.41371226364757,263.7377511000026,27.335193828440683
Fresno,4001,93662,78.41371226364757,203.49610157499924,3.180322333567275
Fresno,5001,93611,78.41371226364757,27.050275189999834,18.528593723043628
Fresno,5001,93612,78.41371226364757,17.85233366000015,17.852333660000177
Fresno,5001,93619,78.41371226364757,488.77466497500166,7.001494622181847
Fresno,5001,93703,78.41371226364757,12.445654185000187,0.5791710841837565
Fresno,5001,93710,78.41371226364757,16.18756548999962,8.38758931987576
Fresno,5001,93720,78.41371226364757,27.554781919999343,5.840237766286346
Fresno,5001,93726,78.41371226364757,17.002982279999678,7.584830840658531
Fresno,5001,93727,78.41371226364757,57.726142524999624,10.353197552417681
Fresno,5001,93740,78.41371226364757,2.2862636949997315,2.2862636949997297
Humboldt,1004,95501,78.41371226364757,32.4431641750001,17.436247545237904
Humboldt,1004,95503,78.41371226364757,233.50789872999985,34.83082577687368
Humboldt,1004,95521,78.41371226364757,197.8091373149992,1.949318131178361
Humboldt,1004,95537,78.41371226364757,7.5141822350010266,4.307566579090694
Humboldt,1004,95551,78.41371226364757,138.55262103499948,0.0017654660772929423
Imperial,0005,92231,78.41371226364757,170.71838858000214,38.010920420235244
Imperial,0005,92249,78.41371226364757,49.482936414998655,11.408984684224109
Imperial,1003,92243,78.41371226364757,282.57138080500107,66.15924385454286
Imperial,1003,92249,78.41371226364757,49.482936414998655,0.015241975146619739
Imperial,1003,92251,78.41371226364757,617.3302881749966,12.23922643395837
Inyo,0002,93514,78.41371226364757,2670.0602484150127,35.689705647912234
Kern,0007,93203,78.41371226364757,440.7508229549981,0.10115376768160989
Kern,0007,93306,78.41371226364757,251.8913412250002,9.12984258991831
Kern,0007,93307,78.41371226364757,362.93642918999944,41.47553917873062
Kern,0014,93301,78.41371226364757,11.352469849999705,5.041188044603242
Kern,0014,93304,78.41371226364757,19.191674020000555,11.400643756153054
Kern,0014,93308,78.41371226364757,888.809279584998,19.29533032460083
Kern,0014,93309,78.41371226364757,27.23466467999954,27.234664679999515
Kern,0014,93311,78.41371226364757,547.7399744950037,6.431640065819507
Kern,0014,93312,78.41371226364757,36.41417615500029,4.801953132949451
Kern,0014,93313,78.41371226364757,257.861389380004,4.208292259521474
Kern,2012,93301,78.41371226364757,11.352469849999705,2.519712463577444
Kern,2012,93304,78.41371226364757,19.191674020000555,18.838668441713704
Kern,2012,93305,78.41371226364757,14.86575569000008,3.2628264584485036
Kern,2012,93307,78.41371226364757,362.93642918999944,48.042561182170516
Kern,2012,93309,78.41371226364757,27.23466467999954,3.664492234550244
Kern,2012,93313,78.41371226364757,257.861389380004,2.085451483187133
Kern,6001,93263,78.41371226364757,237.30487363000097,69.95136147578815
Kern,6001,93280,78.41371226364757,814.5983878050034,2.022252164139324
Kern,6001,93308,78.41371226364757,888.809279584998,6.440098623719877
Kings,1004,93202,78.41371226364757,3.9937277349999594,0.016711568799141426
Kings,1004,93230,78.41371226364757,670.6999245300021,78.39700069484851
Los Angeles,0002,91008,78.41371226364757,4.8782801599997425,2.6997002946230557
Los Angeles,0002,91010,78.41371226364757,16.39160435000012,11.601756367843027
Los Angeles,0002,91702,78.41371226364757,168.0951485149991,27.809045797602877
Los Angeles,0002,91706,78.41371226364757,36.69943724000032,12.112275495562532
Los Angeles,0002,91722,78.41371226364757,10.440334135000223,7.39260851297658
Los Angeles,0002,91723,78.41371226364757,5.927362299999422,0.12355635602989541
Los Angeles,0002,91740,78.41371226364757,12.719717979999922,0.8191773379142777
Los Angeles,0002,91741,78.41371226364757,51.93143982999987,4.081985472812251
Los Angeles,0002,91790,78.41371226364757,14.626101565000093,0.1997436414028222
Los Angeles,0002,91791,78.41371226364757,16.851574570000754,0.115850913511741
Los Angeles,0016,91702,78.41371226364757,168.0951485149991,15.926043100716232
Los Angeles,0016,91722,78.41371226364757,10.440334135000223,0.6390096473386484
Los Angeles,0016,91724,78.41371226364757,15.781847345000418,3.669382343989456
Los Angeles,0016,91740,78.41371226364757,12.719717979999922,12.71968753395481
Los Angeles,0016,91741,78.41371226364757,51.93143982999987,36.58882856938145
Los Angeles,0016,91773,78.41371226364757,38.88508712000027,7.854175551958045
Los Angeles,0113,90024,78.41371226364757,7.521956510000104,7.521956510000107
Los Angeles,0113,90025,78.41371226364757,6.454341094999855,6.454341094999852
Los Angeles,0113,90034,78.41371226364757,7.863696474999915,1.499029306169367
Los Angeles,0113,90035,78.41371226364757,5.755488899999753,0.1544795508804235
Los Angeles,0113,90049,78.41371226364757,37.88111619000039,18.314391000112515
Los Angeles,0113,90064,78.41371226364757,9.420148769999985,8.180634589212396
Los Angeles,0113,90066,78.41371226364757,12.293209184999698,4.461586085897754
Los Angeles,0113,90067,78.41371226364757,1.087906255000052,1.0861422234423177
Los Angeles,0113,90073,78.41371226364757,1.3566906999998272,1.3566906999998283
Los Angeles,0113,90077,78.41371226364757,18.717638099999878,6.957317689444856
Los Angeles,0113,90095,78.41371226364757,1.0109116149998858,1.0109116149998858
Los Angeles,0113,90210,78.41371226364757,27.333554720000443,2.370011872068554
Los Angeles,0113,90212,78.41371226364757,2.3943273150002997,0.5763302108307661
Los Angeles,0113,90272,78.41371226364757,61.62696038500031,1.6018790361072301
Los Angeles,0113,90291,78.41371226364757,7.074947139999686,0.8878184688167547
Los Angeles,0113,90401,78.41371226364757,1.907354895000547,0.832345357033503
Los Angeles,0113,90402,78.41371226364757,5.482759084999578,2.3793098169856384
Los Angeles,0113,90403,78.41371226364757,3.810349514999932,2.7130351300212237
Los Angeles,0113,90404,78.41371226364757,4.983105634999934,4.983105634999939
Los Angeles,0113,90405,78.41371226364757,7.904076149999235,5.0723963716245075
Los Angeles,1103,90011,78.41371226364757,10.841429114999952,0.19117577843108297
Los Angeles,1103,90012,78.41371226364757,9.327250904999927,9.327250904999923
Los Angeles,1103,90013,78.41371226364757,1.809944085000248,1.8099440850002482
Los Angeles,1103,90014,78.41371226364757,0.7570395999999813,0.7570395999999813
Los Angeles,1103,90015,78.41371226364757,4.281545014999983,2.550824582754179
Los Angeles,1103,90017,78.41371226364757,1.7879718249999432,1.787971824999945
Los Angeles,1103,90021,78.41371226364757,5.026870295000133,5.018392526620632
Los Angeles,1103,90023,78.41371226364757,11.053969720000469,4.647536148054111
Los Angeles,1103,90026,78.41371226364757,10.267336144999964,8.10286457848763
Los Angeles,1103,90031,78.41371226364757,9.01812888999954,9.013879499230512
Los Angeles,1103,90032,78.41371226364757,12.226909104999148,5.545029843769038
Los Angeles,1103,90033,78.41371226364757,8.377695740000386,8.377695740000384
Los Angeles,1103,90039,78.41371226364757,9.676728224999897,3.442286873090335
Los Angeles,1103,90042,78.41371226364757,11.519667310000218,1.6465500088080747
Los Angeles,1103,90057,78.41371226364757,2.2590989000001853,0.9576800799426941
Los Angeles,1103,90058,78.41371226364757,15.057003129999357,0.279853684906255
Los Angeles,1103,90063,78.41371226364757,8.306460675000015,5.06403927152871
Los Angeles,1103,90065,78.41371226364757,14.073102414999877,9.52783011802388
Los Angeles,1103,90071,78.41371226364757,0.3408883650000132,0.3408883650000132
Los Angeles,1103,90079,78.41371226364757,0.02497874999991833,0.02497874999991833
Los Angeles,1201,91306,78.41371226364757,10.594521470000226,7.130100905341536
Los Angeles,1201,91311,78.41371226364757,84.94048587999949,0.06250502443580967
Los Angeles,1201,91316,78.41371226364757,14.413351569999485,8.783012925433768
Los Angeles,1201,91324,78.41371226364757,10.845525115000655,7.454139416200269
Los Angeles,1201,91325,78.41371226364757,12.216183704999978,8.750410466931003
Los Angeles,1201,91330,78.41371226364757,1.2653271599999676,0.9137630762987434
Los Angeles,1201,91335,78.41371226364757,16.713757325000064,16.71375732500007
Los Angeles,1201,91343,78.41371226364757,15.039556610000556,1.53640344885295
Los Angeles,1201,91356,78.41371226364757,18.567733325000713,10.092718093929827
Los Angeles,1201,91364,78.41371226364757,19.08953021000108,0.9155863862648915
Los Angeles,1201,91367,78.41371226364757,18.993071350000015,2.1508029988038913
Los Angeles,1201,91406,78.41371226364757,20.53509885499946,12.12860607642518
Los Angeles,1201,91436,78.41371226364757,13.355889205000258,1.2716625128728813
Los Angeles,1302,90002,78.41371226364757,7.558984969999519,0.4464030807995038
Los Angeles,1302,90059,78.41371226364757,8.02560701499983,3.11678257497947
Los Angeles,1302,90220,78.41371226364757,17.612126930000084,13.695627077888314
Los Angeles,1302,90221,78.41371226364757,13.768762059999949,12.740467437375816
Los Angeles,1302,90222,78.41371226364757,6.861402570000222,6.3733103966658575
Los Angeles,1302,90242,78.41371226364757,11.452450214999148,0.5717177778242468
Los Angeles,1302,90262,78.41371226364757,12.050674315000412,12.050674315000435
Los Angeles,1302,90280,78.41371226364757,19.055411355000185,9.621089094524358
Los Angeles,1302,90723,78.41371226364757,12.261869054999654,8.92783993487366
Los Angeles,1302,90746,78.41371226364757,14.731658150000326,0.27548009707182175
Los Angeles,1302,90805,78.41371226364757,19.138583940000583,10.594320476644603
Los Angeles,1602,90601,78.41371226364757,27.156187549999878,19.910882799850917
Los Angeles,1602,90602,78.41371226364757,9.484952930000158,1.3113268493997214
Los Angeles,1602,90606,78.41371226364757,9.99012153999968,9.623249650767352
Los Angeles,1602,90640,78.41371226364757,21.083763214999365,11.915466280574421
Los Angeles,1602,90660,78.41371226364757,20.69337035500038,15.429420361915543
Los Angeles,1602,90670,78.41371226364757,21.11157523000011,1.1661358700836686
Los Angeles,1602,91733,78.41371226364757,17.9313604949994,12.632739310726514
Los Angeles,1602,91746,78.41371226364757,15.17438648499996,0.11929719799295654
Los Angeles,1602,91755,78.41371226364757,8.094193959999822,1.4147456256640725
Los Angeles,1602,91770,78.41371226364757,16.704156494999907,4.890448316672631
Los Angeles,1701,91709,78.41371226364757,113.32109515999905,1.3199694422393573
Los Angeles,1701,91710,78.41371226364757,55.68692545999943,3.0732052491941646
Los Angeles,1701,91711,78.41371226364757,38.15205333000025,7.138147225071464
Los Angeles,1701,91750,78.41371226364757,47.379751020000484,7.374310208891339
Los Angeles,1701,91762,78.41371226364757,36.12735538500015,0.010975502405740419
Los Angeles,1701,91763,78.41371226364757,13.406917119999754,4.547458604499615
Los Angeles,1701,91765,78.41371226364757,46.936153870001455,0.06387095276314415
Los Angeles,1701,91766,78.41371226364757,25.548291235000658,24.724322047854074
Los Angeles,1701,91767,78.41371226364757,14.393329124999916,14.393329124999918
Los Angeles,1701,91768,78.41371226364757,20.741049099999334,12.76034399847256
Los Angeles,1701,91773,78.41371226364757,38.88508712000027,3.0077799072562974
Los Angeles,2005,90032,78.41371226364757,12.226909104999148,0.21712281277786055
Los Angeles,2005,90042,78.41371226364757,11.519667310000218,0.7032652875612282
Los Angeles,2005,91001,78.41371226364757,21.013083459998352,1.3582557817107337
Los Angeles,2005,91030,78.41371226364757,8.718236685000344,7.437912414326016
Los Angeles,2005,91101,78.41371226364757,3.215951794999917,3.2159517949999112
Los Angeles,2005,91103,78.41371226364757,11.676170760000241,5.310143325878002
Los Angeles,2005,91104,78.41371226364757,9.560271225000024,9.477896079840061
Los Angeles,2005,91105,78.41371226364757,10.704928085000013,7.491373316436802
Los Angeles,2005,91106,78.41371226364757,6.8808065700002405,6.880806570000245
Los Angeles,2005,91107,78.41371226364757,21.58110161499993,9.456236779770888
Los Angeles,2005,91108,78.41371226364757,9.607739254999329,9.607739254999316
Los Angeles,2005,91125,78.41371226364757,0.4485604399998247,0.44856043999982464
Los Angeles,2005,91775,78.41371226364757,7.8799856300001325,5.56461568822992
Los Angeles,2005,91776,78.41371226364757,8.453621685000611,2.548572363589001
Los Angeles,2005,91801,78.41371226364757,10.94017245999926,8.138975540141258
Los Angeles,2005,91803,78.41371226364757,8.247934910000172,0.5562848133868585
Los Angeles,4008,90220,78.41371226364757,17.612126930000084,11.876402163059245
Los Angeles,4008,90221,78.41371226364757,13.768762059999949,12.945425469199153
Los Angeles,4008,90222,78.41371226364757,6.861402570000222,0.049593598255202306
Los Angeles,4008,90262,78.41371226364757,12.050674315000412,0.3412086354080519
Los Angeles,4008,90712,78.41371226364757,10.689713820000081,3.0137114170563337
Los Angeles,4008,90723,78.41371226364757,12.261869054999654,4.5519950523629396
Los Angeles,4008,90745,78.41371226364757,20.986066974999645,0.46533912639770786
Los Angeles,4008,90746,78.41371226364757,14.731658150000326,4.39004744610668
Los Angeles,4008,90747,78.41371226364757,0.05405978000006176,0.0059245175356132836
Los Angeles,4008,90755,78.41371226364757,5.483424085000351,0.4334088464495126
Los Angeles,4008,90805,78.41371226364757,19.138583940000583,18.465258931888147
Los Angeles,4008,90806,78.41371226364757,12.53615894499988,1.8663353149892645
Los Angeles,4008,90807,78.41371226364757,11.188079845000122,10.254228240870093
Los Angeles,4008,90810,78.41371226364757,17.054359474999735,9.754833504069996
Los Angeles,4009,90712,78.41371226364757,10.689713820000081,2.5432496026867666
Los Angeles,4009,90755,78.41371226364757,5.483424085000351,5.483424085000346
Los Angeles,4009,90802,78.41371226364757,35.23131445500241,10.66725766527003
Los Angeles,4009,90803,78.41371226364757,21.859798754998806,6.5782240737804925
Los Angeles,4009,90804,78.41371226364757,5.445387005000199,5.399306084569099
Los Angeles,4009,90806,78.41371226364757,12.53615894499988,12.5280718271716
Los Angeles,4009,90807,78.41371226364757,11.188079845000122,9.22866351301152
Los Angeles,4009,90808,78.41371226364757,17.572205565000154,2.9525828657671
Los Angeles,4009,90810,78.41371226364757,17.054359474999735,4.573940548992761
Los Angeles,4009,90813,78.41371226364757,7.9996450900001905,6.970488088872458
Los Angeles,4009,90814,78.41371226364757,3.359562735000529,2.8379276071057564
Los Angeles,4009,90815,78.41371226364757,18.28570722999937,7.006043165744387
Los Angeles,4009,90831,78.41371226364757,0.05685210999993373,0.05685210999993376
Los Angeles,4009,90840,78.41371226364757,0.10678969000004918,0.02715686918762622
Los Angeles,4010,90068,78.41371226364757,20.697454104999828,1.7816137418282316
Los Angeles,4010,91352,78.41371226364757,29.86922932500067,9.495106566188586
Los Angeles,4010,91501,78.41371226364757,6.928891455000017,0.023927205248720378
Los Angeles,4010,91502,78.41371226364757,3.42862378000029,0.9738299238784877
Los Angeles,4010,91504,78.41371226364757,23.651841365000433,8.897536487971177
Los Angeles,4010,91505,78.41371226364757,13.587279134999479,13.587279134999497
Los Angeles,4010,91506,78.41371226364757,6.136981844999604,4.943772065850274
Los Angeles,4010,91601,78.41371226364757,6.677291040000073,6.677291040000068
Los Angeles,4010,91602,78.41371226364757,5.224524334999922,5.224524334999916
Los Angeles,4010,91604,78.41371226364757,12.184134069999526,3.948740746713602
Los Angeles,4010,91605,78.41371226364757,13.643106905000542,7.932628451699111
Los Angeles,4010,91606,78.41371226364757,8.440774885000197,7.757939231896845
Los Angeles,4010,91607,78.41371226364757,6.310679034999671,5.708956605344153
Los Angeles,4010,91608,78.41371226364757,1.539446655000089,1.460566727028955
Los Angeles,5005,90045,78.41371226364757,27.178830595001028,21.975143612082885
Los Angeles,5005,90066,78.41371226364757,12.293209184999698,6.578503606129815
Los Angeles,5005,90094,78.41371226364757,1.8124833049995517,1.8124833049995506
Los Angeles,5005,90230,78.41371226364757,11.574864025000139,3.518813001428481
Los Angeles,5005,90245,78.41371226364757,13.507196174999377,6.807303690565696
Los Angeles,5005,90266,78.41371226364757,13.004656650001394,1.1103015182635667
Los Angeles,5005,90291,78.41371226364757,7.074947139999686,2.6895577258071124
Los Angeles,5005,90292,78.41371226364757,8.083574225000245,8.083574225000245
Los Angeles,5005,90293,78.41371226364757,10.821614540000224,10.82161454000022
Los Angeles,6012,91321,78.41371226364757,67.69798604000083,36.057104504549464
Los Angeles,6012,91342,78.41371226364757,115.36192119499978,0.05490710959432753
Los Angeles,6012,91350,78.41371226364757,40.36101499999971,17.592562691159095
Los Angeles,6012,91351,78.41371226364757,22.06790823499978,1.7801549240560233
Los Angeles,6012,91354,78.41371226364757,18.620571509999696,0.43871757090261576
Los Angeles,6012,91355,78.41371226364757,34.10743158499898,12.940126145022123
Los Angeles,6012,91381,78.41371226364757,100.37650932500068,9.550139318363586
Los Angeles,9033,93534,78.41371226364757,49.23078139499899,23.908816815480087
Los Angeles,9033,93535,78.41371226364757,609.1934685149977,27.465448400608135
Los Angeles,9033,93536,78.41371226364757,650.7703936399975,6.552571420876682
Los Angeles,9033,93550,78.41371226364757,660.3127549300028,12.24240366359084
Los Angeles,9033,93551,78.41371226364757,216.18659200500014,8.244471963091895
Madera,0004,93636,78.41371226364757,521.1434471400001,8.676850662141568
Madera,0004,93637,78.41371226364757,734.5303315699999,64.75432775053153
Madera,0004,93723,78.41371226364757,107.50703507499864,4.982533850974555
Marin,0001,94901,78.41371226364757,43.767657019998296,33.48894182164607
Marin,0001,94903,78.41371226364757,54.64873450000129,15.734908972941321
Marin,0001,94904,78.41371226364757,13.400441564999783,8.137879731914405
Marin,0001,94925,78.41371226364757,11.143660324999763,5.404021561033043
Marin,0001,94939,78.41371226364757,6.758226575000373,5.74286464131122
Marin,0001,94960,78.41371226364757,15.618448405000121,3.864103420573915
Marin,0001,94964,78.41371226364757,2.1654278250003576,1.6744740381625882
Merced,0003,95340,78.41371226364757,138.81299402000064,30.172373612769793
Merced,0003,95341,78.41371226364757,389.8341922299986,48.13348815373696
Merced,0003,95348,78.41371226364757,155.85446822500052,0.10785049714080959
Monterey,1003,93901,78.41371226364757,25.01952992500119,12.171483495810765
Monterey,1003,93905,78.41371226364757,24.22212776500001,23.55943295736085
Monterey,1003,93906,78.41371226364757,34.69011077500038,27.843154405976538
Monterey,1003,93907,78.41371226364757,143.29288939000102,4.059753975618023
Monterey,1003,93908,78.41371226364757,636.4987469950013,10.779887428881596
Napa,0004,94558,78.41371226364757,1151.808913839998,38.82413777492237
Napa,0004,94559,78.41371226364757,112.03709527499983,39.58957448872507
Orange,0007,90620,78.41371226364757,16.093545235001,0.8350847791660797
Orange,0007,90621,78.41371226364757,10.61832827499949,0.10792510142531367
Orange,0007,90680,78.41371226364757,6.435717185000402,0.31289338304355435
Orange,0007,92801,78.41371226364757,15.933054809999476,15.171179934661762
Orange,0007,92802,78.41371226364757,11.481572549999875,10.844768585451035
Orange,0007,92804,78.41371226364757,17.969937334999308,12.182198914720646
Orange,0007,92805,78.41371226364757,15.703036834999635,14.617170691548619
Orange,0007,92806,78.41371226364757,20.163070955000837,0.19193152228963228
Orange,0007,92831,78.41371226364757,15.014527274999962,1.502588987029366
Orange,0007,92832,78.41371226364757,7.306319294999979,6.484964743100457
Orange,0007,92833,78.41371226364757,19.351239394999997,6.833856114352767
Orange,0007,92840,78.41371226364757,13.026282290000003,7.070639274252458
Orange,0007,92841,78.41371226364757,11.494917945000726,2.2584120197662427
Orange,0007,92868,78.41371226364757,8.671647870000823,9.821284005481499e-05
Orange,0008,92706,78.41371226364757,8.922697190000129,0.0170214704927108
Orange,0008,92801,78.41371226364757,15.933054809999476,10.1561541440487
Orange,0008,92802,78.41371226364757,11.481572549999875,11.48157254999987
Orange,0008,92804,78.41371226364757,17.969937334999308,7.486859078178467
Orange,0008,92805,78.41371226364757,15.703036834999635,15.703036834999624
Orange,0008,92806,78.41371226364757,20.163070955000837,10.177136414828619
Orange,0008,92831,78.41371226364757,15.014527274999962,1.6387552015584959
Orange,0008,92832,78.41371226364757,7.306319294999979,3.253865356825466
Orange,0008,92833,78.41371226364757,19.351239394999997,0.6401037243206733
Orange,0008,92840,78.41371226364757,13.026282290000003,11.924212471801518
Orange,0008,92841,78.41371226364757,11.494917945000726,0.5451580604183743
Orange,0008,92843,78.41371226364757,9.981710949999863,1.5158226584474055
Orange,0008,92865,78.41371226364757,9.658690959999895,0.0467361669644067
Orange,0008,92867,78.41371226364757,30.27183519000023,0.5539078684468282
Orange,0008,92868,78.41371226364757,8.671647870000823,3.2558465609827576
Orange,0008,92870,78.41371226364757,17.01817543000022,0.017523701333732444
Orange,2022,92610,78.41371226364757,10.175030304999598,1.624899835363356
Orange,2022,92618,78.41371226364757,52.09813167000084,6.511653951656556
Orange,2022,92630,78.41371226364757,26.72261852999915,26.30334758147018
Orange,2022,92637,78.41371226364757,7.468159390000105,3.091144548541094
Orange,2022,92653,78.41371226364757,17.48799212000007,7.768586258388808
Orange,2022,92677,78.41371226364757,41.472311314999985,0.0004112910404835161
Orange,2022,92688,78.41371226364757,33.31464251000047,0.09266392424589708
Orange,2022,92691,78.41371226364757,22.191734514999997,18.652973945180232
Orange,2022,92692,78.41371226364757,22.50720551999996,14.368030927760886
Orange,5001,90603,78.41371226364757,7.990159974999497,5.369450256800996
Orange,5001,90604,78.41371226364757,10.638465710000114,3.1824413414384525
Orange,5001,90605,78.41371226364757,16.15632098500035,0.15798219998516566
Orange,5001,90621,78.41371226364757,10.61832827499949,1.2675664512964717
Orange,5001,90631,78.41371226364757,35.31568455000006,34.251274072898845
Orange,5001,90638,78.41371226364757,19.608175309999474,4.753257839414462
Orange,5001,91745,78.41371226364757,32.79001770500032,0.2246009883173686
Orange,5001,91748,78.41371226364757,36.01886334000051,1.4512091432361076
Orange,5001,92821,78.41371226364757,35.76448927499918,6.344384736326732
Orange,5001,92831,78.41371226364757,15.014527274999962,0.10098661547894631
Orange,5001,92832,78.41371226364757,7.306319294999979,0.39226911738500764
Orange,5001,92833,78.41371226364757,19.351239394999997,10.853406862740282
Orange,5001,92835,78.41371226364757,14.475174330000538,10.06488263832883
Placer,0006,95610,78.41371226364757,21.2622584949991,10.119300005391542
Placer,0006,95621,78.41371226364757,17.902398090000055,1.8138425411198342
Placer,0006,95661,78.41371226364757,24.029014415000542,24.00676668584777
Placer,0006,95662,78.41371226364757,29.390384454999165,1.9681393885939396
Placer,0006,95677,78.41371226364757,26.173202639999243,8.258347001998251
Placer,0006,95678,78.41371226364757,30.669422185000705,25.646012471377695
Placer,0006,95746,78.41371226364757,68.72762053500017,3.907406558858368
Placer,0006,95747,78.41371226364757,113.07667049499892,2.522748198872061
Placer,0006,95765,78.41371226364757,33.670610265000086,0.1711494115883773
Riverside,0009,92028,78.41371226364757,293.42859293000146,9.462395119308471
Riverside,0009,92059,78.41371226364757,69.30221512999846,11.930259304361453
Riverside,0009,92590,78.41371226364757,136.68009501000037,0.3704791749200215
Riverside,0009,92592,78.41371226364757,281.03935007000007,55.674851437252386
Riverside,0012,92220,78.41371226364757,356.97312862000086,76.63745175869349
Riverside,0012,92230,78.41371226364757,29.480610059998266,1.7762605049541544
Riverside,1016,92220,78.41371226364757,356.97312862000086,71.33400438554554
Riverside,1016,92230,78.41371226364757,29.480610059998266,7.079707878102091
Riverside,5001,92234,78.41371226364757,37.757745034999225,0.45386827869041796
Riverside,5001,92240,78.41371226364757,90.74438932499821,1.0911979834861765
Riverside,5001,92262,78.41371226364757,88.71864384000118,61.629304491595036
Riverside,5001,92264,78.41371226364757,128.62464767000355,10.097421585583554
Riverside,5001,92276,78.41371226364757,93.44299527000058,0.8302350446531372
Riverside,5001,92549,78.41371226364757,267.44514932500323,1.0772023323959867
Riverside,8001,92316,78.41371226364757,29.34406112499918,3.335459699569227
Riverside,8001,92337,78.41371226364757,34.64224552000078,4.528539337581616
Riverside,8001,92501,78.41371226364757,14.447883124999517,9.210421972997757
Riverside,8001,92504,78.41371226364757,57.405075509999556,6.936068801953072
Riverside,8001,92506,78.41371226364757,40.934481469999824,4.890662468616963
Riverside,8001,92507,78.41371226364757,54.1151407299992,0.022839274817562462
Riverside,8001,92509,78.41371226364757,79.44003625999972,49.489720708111456
Riverside,8005,91752,78.41371226364757,38.64589533999938,21.09189774859383
Riverside,8005,91761,78.41371226364757,72.0625725850016,0.01034376320959951
Riverside,8005,92337,78.41371226364757,34.64224552000078,5.823576465712986
Riverside,8005,92503,78.41371226364757,97.43460474500117,6.109620305737654
Riverside,8005,92504,78.41371226364757,57.405075509999556,0.5511601002509668
Riverside,8005,92505,78.41371226364757,25.698478244999475,3.7621031531485776
Riverside,8005,92509,78.41371226364757,79.44003625999972,39.716390511305946
Riverside,8005,92860,78.41371226364757,36.48127615000025,1.348620215687869
Riverside,9001,92530,78.41371226364757,207.9997383249988,46.859917534843724
Riverside,9001,92532,78.41371226364757,38.38888484999949,23.430667983998873
Riverside,9001,92570,78.41371226364757,268.1822296599991,7.809922537305338
Riverside,9001,92587,78.41371226364757,19.744969534999946,0.11318844119888993
Riverside,9001,92595,78.41371226364757,54.17399802000102,0.20001576630053614
Sacramento,0002,95621,78.41371226364757,17.902398090000055,0.004897966428493583
Sacramento,0002,95626,78.41371226364757,101.15458697500036,7.5113781035866065
Sacramento,0002,95652,78.41371226364757,10.01727030499996,3.5504019309383406
Sacramento,0002,95660,78.41371226364757,17.03844853500005,13.058598706454768
Sacramento,0002,95673,78.41371226364757,43.76559353499974,6.311773701446314
Sacramento,0002,95747,78.41371226364757,113.07667049499892,23.858282808873195
Sacramento,0002,95842,78.41371226364757,10.650390845000485,8.188369869525173
Sacramento,0002,95843,78.41371226364757,17.48207994999994,15.930009176395101
Sacramento,0006,95608,78.41371226364757,36.06540563000081,21.544134647798536
Sacramento,0006,95652,78.41371226364757,10.01727030499996,1.7154322325838947
Sacramento,0006,95660,78.41371226364757,17.03844853500005,4.011437100955126
Sacramento,0006,95670,78.41371226364757,35.51748848999964,0.7749572023584811
Sacramento,0006,95815,78.41371226364757,20.94939751999989,0.00537779471891554
Sacramento,0006,95821,78.41371226364757,19.120269499999594,18.72405701299984
Sacramento,0006,95825,78.41371226364757,12.639286009999676,7.028554416917615
Sacramento,0006,95826,78.41371226364757,28.798324685001113,1.3494727896660255
Sacramento,0006,95827,78.41371226364757,24.342003794999624,2.006060352102158
Sacramento,0006,95838,78.41371226364757,24.720676875000297,0.36580508580811505
Sacramento,0006,95841,78.41371226364757,10.448125734999495,4.690174893303237
Sacramento,0006,95842,78.41371226364757,10.650390845000485,0.24889928718980017
Sacramento,0006,95864,78.41371226364757,17.435061815000644,15.949349447245673
Sacramento,0010,95605,78.41371226364757,10.891480310001066,5.05056704342475
Sacramento,0010,95691,78.41371226364757,110.56555323499947,12.879433742226789
Sacramento,0010,95811,78.41371226364757,6.524901529999924,6.524901529999922
Sacramento,0010,95814,78.41371226364757,3.836399635000018,3.836399635000017
Sacramento,0010,95815,78.41371226364757,20.94939751999989,4.480586813869959
Sacramento,0010,95816,78.41371226364757,7.49434832999995,7.494348329999947
Sacramento,0010,95817,78.41371226364757,6.06206489499985,4.650140268825409
Sacramento,0010,95818,78.41371226364757,10.768045620000471,10.768045620000487
Sacramento,0010,95819,78.41371226364757,9.883332590000126,3.1116749436951574
Sacramento,0010,95820,78.41371226364757,14.095141639999762,4.122058698050831
Sacramento,0010,95822,78.41371226364757,22.724893114999723,8.358482899495833
Sacramento,0010,95824,78.41371226364757,10.668792005000267,0.2127848863929314
Sacramento,0010,95833,78.41371226364757,22.93302213499931,6.9242878526656115
Sacramento,0011,95632,78.41371226364757,303.7057990900015,20.97847207816359
Sacramento,0011,95757,78.41371226364757,174.8495697450009,57.43524018548397
Sacramento,0015,95605,78.41371226364757,10.891480310001066,7.469215340243543
Sacramento,0015,95691,78.41371226364757,110.56555323499947,11.438383126472138
Sacramento,0015,95811,78.41371226364757,6.524901529999924,6.524901529999922
Sacramento,0015,95814,78.41371226364757,3.836399635000018,3.836399635000017
Sacramento,0015,95815,78.41371226364757,20.94939751999989,5.440566256588514
Sacramento,0015,95816,78.41371226364757,7.49434832999995,5.832769127059453
Sacramento,0015,95817,78.41371226364757,6.06206489499985,0.51958642740933
Sacramento,0015,95818,78.41371226364757,10.768045620000471,9.16748410417996
Sacramento,0015,95822,78.41371226364757,22.724893114999723,0.10528486013491199
Sacramento,0015,95833,78.41371226364757,22.93302213499931,19.850858727143255
Sacramento,0015,95834,78.41371226364757,27.377377464999597,7.971672203841879
Sacramento,0015,95838,78.41371226364757,24.720676875000297,0.2565909255741283
San Bernardino,0001,92311,78.41371226364757,1085.1522324100074,78.41371226364758
San Bernardino,0026,91730,78.41371226364757,34.74343658500019,9.216993846392985
San Bernardino,0026,91739,78.41371226364757,71.9899655050012,9.236345512085876
San Bernardino,0026,91752,78.41371226364757,38.64589533999938,6.3838632715248425
San Bernardino,0026,91761,78.41371226364757,72.0625725850016,16.00625716661426
San Bernardino,0026,91764,78.41371226364757,20.05258373999958,5.1011711216322135
San Bernardino,0026,92335,78.41371226364757,44.16673762499908,15.562909585858781
San Bernardino,0026,92336,78.41371226364757,50.33728617999973,1.2924751241635268
San Bernardino,0026,92337,78.41371226364757,34.64224552000078,14.442535198188894
San Bernardino,0026,92509,78.41371226364757,79.44003625999972,1.171161437186464
San Bernardino,0027,91710,78.41371226364757,55.68692545999943,4.299647380904141
San Bernardino,0027,91730,78.41371226364757,34.74343658500019,0.0046246274481987065
San Bernardino,0027,91761,78.41371226364757,72.0625725850016,49.661713377085746
San Bernardino,0027,91762,78.41371226364757,36.12735538500015,16.759574409027735
San Bernardino,0027,91764,78.41371226364757,20.05258373999958,7.688152469181614
San Bernardino,0306,92307,78.41371226364757,477.06376032999646,0.47846930025761564
San Bernardino,0306,92345,78.41371226364757,254.57195164500274,3.7507299604350326
San Bernardino,0306,92392,78.41371226364757,94.77734631999999,16.932659220155443
San Bernardino,0306,92394,78.41371226364757,81.9120228999993,25.087042150354787
San Bernardino,0306,92395,78.41371226364757,43.84804965000035,32.164811632444604
San Bernardino,1004,91701,78.41371226364757,18.711787379999716,10.146692703654479
San Bernardino,1004,91730,78.41371226364757,34.74343658500019,17.084613808551165
San Bernardino,1004,91737,78.41371226364757,25.547872845000036,0.8817450673823021
San Bernardino,1004,91761,78.41371226364757,72.0625725850016,4.302651459004848
San Bernardino,1004,91762,78.41371226364757,36.12735538500015,4.803469838123559
San Bernardino,1004,91764,78.41371226364757,20.05258373999958,13.47269238642574
San Bernardino,1004,91784,78.41371226364757,23.631798080000667,10.821274169759182
San Bernardino,1004,91786,78.41371226364757,22.63105533499995,16.90057283074633
San Bernardino,1234,92328,78.41371226364757,4620.059237134998,18.766112865594813
San Bernardino,1234,93562,78.41371226364757,239.99975306999949,56.36491234221398
San Bernardino,2002,91730,78.41371226364757,34.74343658500019,0.5994145843612224
San Bernardino,2002,91739,78.41371226364757,71.9899655050012,17.30207832489657
San Bernardino,2002,91761,78.41371226364757,72.0625725850016,0.16786802649127822
San Bernardino,2002,91764,78.41371226364757,20.05258373999958,0.9231711091070967
San Bernardino,2002,92335,78.41371226364757,44.16673762499908,30.374992864536246
San Bernardino,2002,92336,78.41371226364757,50.33728617999973,20.745697343483062
San Bernardino,2002,92337,78.41371226364757,34.64224552000078,8.300490010772165
San Bernardino,9004,92324,78.41371226364757,71.16349727500129,2.644167339170855
San Bernardino,9004,92346,78.41371226364757,68.84848196000046,2.3071475598012263
San Bernardino,9004,92354,78.41371226364757,12.59490406999986,1.8894456730949067
San Bernardino,9004,92373,78.41371226364757,101.29855100500058,0.0001103633090585275
San Bernardino,9004,92374,78.41371226364757,45.4026584099998,2.469240598239134
San Bernardino,9004,92401,78.41371226364757,1.7210579349997575,1.7210579349997566
San Bernardino,9004,92404,78.41371226364757,79.99418737499992,15.121721721320391
San Bernardino,9004,92405,78.41371226364757,12.68482852500003,6.637738629466504
San Bernardino,9004,92408,78.41371226364757,26.848594960000625,24.56530920440667
San Bernardino,9004,92410,78.41371226364757,20.89804081499951,15.490225124366605
San Bernardino,9004,92411,78.41371226364757,12.335134684999783,5.399802475472477
San Bernardino,9004,92415,78.41371226364757,0.16774564000006734,0.1677456400000673
San Diego,0001,91902,78.41371226364757,30.843021779999674,7.4922400483779255
San Diego,0001,91910,78.41371226364757,35.49341803000044,28.808348483761716
San Diego,0001,91911,78.41371226364757,31.883685630000215,26.543421971967003
San Diego,0001,91913,78.41371226364757,22.705932949999706,0.4829403222720846
San Diego,0001,91950,78.41371226364757,19.076776200000058,6.671659642281317
San Diego,0001,92139,78.41371226364757,8.909007485000183,4.16197447294741
San Diego,0001,92154,78.41371226364757,129.17642153000116,3.7132959889444477
San Diego,1006,91901,78.41371226364757,195.9310128299992,67.78915547356003
San Diego,1006,92019,78.41371226364757,79.10224703999504,1.2901886190782932
San Diego,1006,92021,78.41371226364757,70.37673272000045,3.075344604745407
San Diego,1006,92040,78.41371226364757,171.5241966050038,0.5711094906506332
San Diego,1008,92054,78.41371226364757,20.961200409999613,10.23381328791791
San Diego,1008,92055,78.41371226364757,326.09167719500005,7.957258334338678
San Diego,1008,92058,78.41371226364757,115.67060316499858,31.050432851786237
San Diego,1008,92672,78.41371226364757,91.23893119500035,0.00435681723227556
San Diego,1014,91911,78.41371226364757,31.883685630000215,0.12149924814529281
San Diego,1014,91913,78.41371226364757,22.705932949999706,0.30604565450341437
San Diego,1014,91915,78.41371226364757,20.675597240000897,8.337402827523675
San Diego,1014,92154,78.41371226364757,129.17642153000116,41.322406486466775
San Diego,1014,92179,78.41371226364757,0.6221712899999274,0.6221712899999277
San Diego,1016,92111,78.41371226364757,21.142083210000358,6.441378728903857
San Diego,1016,92117,78.41371226364757,21.70592497499983,0.8870674942207529
San Diego,1016,92120,78.41371226364757,19.15168010500006,0.6195489029791398
San Diego,1016,92121,78.41371226364757,31.357290614999688,0.09791554579522764
San Diego,1016,92123,78.41371226364757,21.473836079999984,14.475780301788571
San Diego,1016,92124,78.41371226364757,24.40264069000002,13.932478082482248
San Diego,1016,92126,78.41371226364757,28.92541745999962,3.6853043217650705
San Diego,1016,92131,78.41371226364757,96.94711723999924,15.072476613800077
San Diego,1016,92145,78.41371226364757,26.563840945001402,23.201762271912813
San Diego,1017,92064,78.41371226364757,105.98888195500075,23.075940779872226
San Diego,1017,92127,78.41371226364757,57.96910185500031,16.95485750966601
San Diego,1017,92128,78.41371226364757,29.27109227999887,22.199679108989347
San Diego,1017,92129,78.41371226364757,32.682767934999596,15.706165805444469
San Diego,1017,92131,78.41371226364757,96.94711723999924,0.477069059675349
San Diego,1022,91941,78.41371226364757,20.50684279499979,9.553292572930044
San Diego,1022,91942,78.41371226364757,14.383806310000484,1.0723753737651527
San Diego,1022,91977,78.41371226364757,26.006653160000486,0.530201230762934
San Diego,1022,91978,78.41371226364757,29.826778864999905,0.3206805185003008
San Diego,1022,92019,78.41371226364757,79.10224703999504,23.931343401962057
San Diego,1022,92020,78.41371226364757,27.715639045001428,22.65599973323637
San Diego,1022,92021,78.41371226364757,70.37673272000045,15.224646742659383
San Diego,1022,92040,78.41371226364757,171.5241966050038,2.420450632056077
San Diego,1022,92071,78.41371226364757,47.501890699998924,2.7047220577752493
San Diego,1026,91950,78.41371226364757,19.076776200000058,1.8520448359029207
San Diego,1026,92101,78.41371226364757,27.50539021999969,16.337277988520768
San Diego,1026,92102,78.41371226364757,11.18676174999968,9.312320824276235
San Diego,1026,92103,78.41371226364757,9.182374920000084,6.228964510847123
San Diego,1026,92104,78.41371226364757,9.206100540000335,8.889392486550419
San Diego,1026,92105,78.41371226364757,14.393370069999941,3.9220858947093347
San Diego,1026,92113,78.41371226364757,12.944029949999987,11.710465259260657
San Diego,1026,92116,78.41371226364757,8.423979484999837,0.7445647229218499
San Diego,1026,92118,78.41371226364757,32.72375762500224,13.767101195802331
San Diego,1026,92132,78.41371226364757,0.08047692499993316,0.08047692499993313
San Diego,1026,92134,78.41371226364757,0.18704160000010475,0.18704160000010475
San Diego,1026,92136,78.41371226364757,3.097047524999884,3.097047524999885
San Diego,1026,92155,78.41371226364757,2.3004954349989886,0.7837611156009489
San Francisco,0005,94102,78.41371226364757,1.7522040300003876,1.7522040300003872
San Francisco,0005,94103,78.41371226364757,3.6388537400000787,3.638853740000081
San Francisco,0005,94104,78.41371226364757,0.2054529550001643,0.20545295500016436
San Francisco,0005,94105,78.41371226364757,2.808907214999237,2.76426504410618
San Francisco,0005,94107,78.41371226364757,5.585615929999418,5.585615929999422
San Francisco,0005,94108,78.41371226364757,0.6834495099998246,0.6834495099998248
San Francisco,0005,94109,78.41371226364757,3.159957430000067,2.9869809946390533
San Francisco,0005,94110,78.41371226364757,6.3402942849997315,6.340294284999736
San Francisco,0005,94111,78.41371226364757,0.8850441250000559,0.8850441250000557
San Francisco,0005,94112,78.41371226364757,8.827983614999152,1.0949432540607889
San Francisco,0005,94114,78.41371226364757,3.6666705399998234,3.5617167573081967
San Francisco,0005,94115,78.41371226364757,3.0103335599998826,2.649022556828925
San Francisco,0005,94117,78.41371226364757,3.3756336600002377,2.2249793550050367
San Francisco,0005,94118,78.41371226364757,5.313820795000049,0.12373406157161207
San Francisco,0005,94123,78.41371226364757,3.6485338299999106,1.1172380594584799
San Francisco,0005,94124,78.41371226364757,16.084923050000036,11.10816431136577
San Francisco,0005,94130,78.41371226364757,4.785000549999777,0.02603925773924919
San Francisco,0005,94131,78.41371226364757,5.405328605000092,2.850342158984069
San Francisco,0005,94133,78.41371226364757,1.7423332550001156,1.742333255000113
San Francisco,0005,94134,78.41371226364757,6.865455544999825,3.2763915609437264
San Francisco,0005,94158,78.41371226364757,2.377104014999022,2.3771040149990204
San Joaquin,1002,95202,78.41371226364757,2.8323430649999604,2.8323430649999626
San Joaquin,1002,95203,78.41371226364757,17.911580740000392,6.6200631840305295
San Joaquin,1002,95204,78.41371226364757,14.780932540000125,6.2243887523473465
San Joaquin,1002,95205,78.41371226364757,23.906138030000417,23.433328316554977
San Joaquin,1002,95206,78.41371226364757,360.85443771000064,25.700848726759236
San Joaquin,1002,95207,78.41371226364757,19.73299687999963,0.04749585840013632
San Joaquin,1002,95210,78.41371226364757,20.423858535000917,0.3751431461731151
San Joaquin,1002,95211,78.41371226364757,0.30578970500017344,0.021848007249084207
San Joaquin,1002,95212,78.41371226364757,56.674778434999496,0.40753343619790444
San Joaquin,1002,95215,78.41371226364757,246.95969782499967,12.66541969866647
San Joaquin,1002,95231,78.41371226364757,28.734310609999937,0.08530007226878275
San Joaquin,3005,95304,78.41371226364757,413.3956879850029,14.450857095289049
San Joaquin,3005,95376,78.41371226364757,20.163679615000163,7.684658645115384
San Joaquin,3005,95377,78.41371226364757,290.8555268049983,56.278196523243025
San Luis Obispo,2004,93420,78.41371226364757,508.86552730499545,13.641703397487849
San Luis Obispo,2004,93434,78.41371226364757,59.72738138500088,1.888756131487104
San Luis Obispo,2004,93444,78.41371226364757,169.8689543049993,56.11552393959505
San Luis Obispo,2004,93445,78.41371226364757,46.744527145000006,6.320401019457876
San Luis Obispo,2004,93458,78.41371226364757,73.45801409999905,0.44732777561955367
San Luis Obispo,4002,93420,78.41371226364757,508.86552730499545,6.01914347982059
San Luis Obispo,4002,93444,78.41371226364757,169.8689543049993,68.75262968075415
San Luis Obispo,4002,93458,78.41371226364757,73.45801409999905,3.641939103072954
San Luis Obispo,8002,93422,78.41371226364757,177.08821634000148,61.78739512569401
San Luis Obispo,8002,93465,78.41371226364757,217.88971454500026,16.626317137953503
San Mateo,1001,94025,78.41371226364757,22.065534139999524,13.13267589087699
San Mateo,1001,94027,78.41371226364757,13.341781115000837,11.723073375892492
San Mateo,1001,94061,78.41371226364757,10.188570529999444,7.814511537444503
San Mateo,1001,94062,78.41371226364757,173.12571035999972,4.499728483772092
San Mateo,1001,94063,78.41371226364757,18.897325409999887,18.896296751220866
San Mateo,1001,94070,78.41371226364757,16.155137899999378,1.309369005458997
San Mateo,1001,94301,78.41371226364757,6.2505774699998895,0.10225339729831959
San Mateo,1001,94303,78.41371226364757,22.648553349999826,0.02900485506741803
San Mateo,1001,94304,78.41371226364757,12.667847304999867,0.18505327484957643
Santa Barbara,1008,93444,78.41371226364757,169.8689543049993,0.6196901184312811
Santa Barbara,1008,93454,78.41371226364757,1078.6480124700006,34.49422542012724
Santa Barbara,1008,93455,78.41371226364757,302.8861027200003,16.46604562893835
Santa Barbara,1008,93458,78.41371226364757,73.45801409999905,26.833751096150937
Santa Barbara,1013,93436,78.41371226364757,582.5108530800017,48.42070993612407
Santa Barbara,1013,93437,78.41371226364757,126.77626087500106,1.9092096691656408
Santa Barbara,1013,93455,78.41371226364757,302.8861027200003,26.873505665163357
Santa Barbara,1014,93105,78.41371226364757,357.16282061500414,47.49791226417555
Santa Barbara,1014,93460,78.41371226364757,560.6571501999971,12.760965740924705
Santa Barbara,1020,93106,78.41371226364757,1.5959737950001223,1.5959737950001218
Santa Barbara,1020,93111,78.41371226364757,20.984968874999552,0.005880275992351791
Santa Barbara,1020,93117,78.41371226364757,432.118183575,36.480249724919915
Santa Barbara,1021,93001,78.41371226364757,263.81202379000007,19.88103912911061
Santa Barbara,1021,93013,78.41371226364757,105.73439517500032,49.746177743672106
Santa Barbara,1025,93117,78.41371226364757,432.118183575,66.58063462151839
Santa Barbara,1025,93460,78.41371226364757,560.6571501999971,0.08074224561522643
Santa Barbara,1025,93463,78.41371226364757,86.70980744500069,0.00017534634906215483
Santa Barbara,2004,93436,78.41371226364757,582.5108530800017,78.41371226364758
Santa Clara,0005,95050,78.41371226364757,14.368702239999978,3.0402546843502942
Santa Clara,0005,95053,78.41371226364757,0.38637186500010823,0.38637186500010834
Santa Clara,0005,95110,78.41371226364757,11.994866365000142,11.702497738161055
Santa Clara,0005,95112,78.41371226364757,19.146338729999957,17.283215225807812
Santa Clara,0005,95113,78.41371226364757,0.9171299949998817,0.9171299949998808
Santa Clara,0005,95116,78.41371226364757,9.386284229999754,6.320663655131949
Santa Clara,0005,95122,78.41371226364757,12.591702915000306,2.143971434174624
Santa Clara,0005,95125,78.41371226364757,19.173154395000306,6.058055328816685
Santa Clara,0005,95126,78.41371226364757,8.73526171500048,8.192982418833418
Santa Clara,0005,95128,78.41371226364757,10.348480864999052,3.797168984412913
Santa Clara,0005,95131,78.41371226364757,15.219169300000095,12.366290884298857
Santa Clara,0005,95132,78.41371226364757,72.1126821799992,0.12819531535204054
Santa Clara,0005,95133,78.41371226364757,8.592433250000145,6.044004718099701
Santa Clara,0005,95134,78.41371226364757,28.49683483500136,0.032910016208419185
Santa Clara,0006,95110,78.41371226364757,11.994866365000142,3.330388757668355
Santa Clara,0006,95111,78.41371226364757,15.295653814999747,5.482363465098095
Santa Clara,0006,95112,78.41371226364757,19.146338729999957,13.201403922555304
Santa Clara,0006,95113,78.41371226364757,0.9171299949998817,0.9171299949998808
Santa Clara,0006,95116,78.41371226364757,9.386284229999754,9.386284229999745
Santa Clara,0006,95121,78.41371226364757,11.701165485000315,4.854019673781199
Santa Clara,0006,95122,78.41371226364757,12.591702915000306,12.591702915000342
Santa Clara,0006,95125,78.41371226364757,19.173154395000306,3.8969467412464445
Santa Clara,0006,95126,78.41371226364757,8.73526171500048,0.16187489227673874
Santa Clara,0006,95127,78.41371226364757,50.242427330000936,10.53953356683615
Santa Clara,0006,95131,78.41371226364757,15.219169300000095,1.3645397863993396
Santa Clara,0006,95132,78.41371226364757,72.1126821799992,0.2697266983829331
Santa Clara,0006,95133,78.41371226364757,8.592433250000145,8.563915321039318
Santa Clara,0006,95136,78.41371226364757,13.741889724999648,0.323469677935252
Santa Clara,0006,95148,78.41371226364757,21.007823009999168,3.5304126204283097
Solano,0004,94510,78.41371226364757,80.46350172500064,0.3575311068299533
Solano,0004,94525,78.41371226364757,6.519320475000145,0.6717776386599423
Solano,0004,94572,78.41371226364757,24.42535609499997,0.4161919617676202
Solano,0004,94589,78.41371226364757,15.416917245000015,11.611635613722523
Solano,0004,94590,78.41371226364757,23.283063095000312,23.222331034486732
Solano,0004,94591,78.41371226364757,56.288943099998875,26.77740845854046
Solano,0004,94592,78.41371226364757,22.02693670999872,7.827741266949205
Sonoma,0004,95401,78.41371226364757,55.91440381999952,17.46931085984851
Sonoma,0004,95407,78.41371226364757,57.71961921000025,10.777224838928944
Sonoma,0004,95472,78.41371226364757,187.78025897000367,50.16717656487026
Stanislaus,0005,95307,78.41371226364757,86.71544994500006,1.3591360553387968
Stanislaus,0005,95350,78.41371226364757,23.370704999999006,19.460221127476082
Stanislaus,0005,95351,78.41371226364757,23.976724945000907,21.49816483513042
Stanislaus,0005,95354,78.41371226364757,20.46350420499965,15.148863150914165
Stanislaus,0005,95355,78.41371226364757,24.804094940000443,8.230467766632282
Stanislaus,0005,95356,78.41371226364757,59.1806544549996,0.5616202014217487
Stanislaus,0005,95358,78.41371226364757,314.5570665700006,12.155239126733806
Stanislaus,0006,95315,78.41371226364757,50.20971985499977,0.18252230145545076
Stanislaus,0006,95316,78.41371226364757,216.17759484500243,3.846675343558225
Stanislaus,0006,95324,78.41371226364757,106.96964019500038,0.09239003363018533
Stanislaus,0006,95380,78.41371226364757,203.6294877449979,58.292553440612465
Stanislaus,0006,95382,78.41371226364757,28.966822539999967,15.999571144391407
Sutter,0003,95901,78.41371226364757,545.2113984250003,19.459044074537378
Sutter,0003,95953,78.41371226364757,314.6576903550027,1.3475942743864662
Sutter,0003,95961,78.41371226364757,125.39926051499914,7.137501949732051
Sutter,0003,95991,78.41371226364757,113.87130691499914,27.986818191788167
Sutter,0003,95993,78.41371226364757,227.34419452000114,22.482753773203644
Tulare,2002,93277,78.41371226364757,102.75005419499936,18.70747050454983
Tulare,2002,93291,78.41371226364757,219.4102770399985,23.999298046956792
Tulare,2002,93292,78.41371226364757,298.4610590100012,35.706943712140934
Ventura,2002,91304,78.41371226364757,24.692586294999018,3.9316717080622343
Ventura,2002,91311,78.41371226364757,84.94048587999949,1.9997670199375348
Ventura,2002,93063,78.41371226364757,92.12060048000036,54.4482574434909
Ventura,2002,93065,78.41371226364757,77.04744345000115,2.1105530546444036
Ventura,3001,93003,78.41371226364757,52.944060799999995,1.5790689183097646
Ventura,3001,93004,78.41371226364757,18.49654455000066,16.034245156907193
Ventura,3001,93010,78.41371226364757,55.72375359999924,12.333187668255045
Ventura,3001,93030,78.41371226364757,35.753955849999755,7.97893838822368
Ventura,3001,93036,78.41371226364757,47.626908014999664,29.57445486421222
Ventura,3001,93060,78.41371226364757,236.44336991500083,2.1421697361919954
Ventura,3001,93066,78.41371226364757,106.72040485000042,8.771647531547998
Yolo,0004,95616,78.41371226364757,80.00341864499809,42.39210389749801
Yolo,0004,95618,78.41371226364757,86.11430254499967,11.520130430235955
Yolo,0004,95620,78.41371226364757,652.1915485700031,21.392140772052112
Yolo,0004,95695,78.41371226364757,390.6335904499994,3.109337163861409
